"model","roc_auc","pr_auc","accuracy","recall","specificity","precision","f1","tp","fp","tn","fn","n","pos_rate"
"Logistic Regression",0.792780748663102,0.393546189136479,0.846335697399527,0.181818181818182,0.969187675070028,0.521739130434783,0.269662921348315,12,11,346,54,423,0.156028368794326
"Random Forest",0.81081826670062,0.409535764740272,0.843971631205674,0.212121212121212,0.96078431372549,0.5,0.297872340425532,14,14,343,52,423,0.156028368794326
"SVM",0.718848145318734,0.434778092051026,0.848699763593381,0.151515151515152,0.977591036414566,0.555555555555556,0.238095238095238,10,8,349,56,423,0.156028368794326
